{
  "project_info": {
    "project_number": "878305379642",
    "firebase_url": "https://gbus-project-default-rtdb.asia-southeast1.firebasedatabase.app",
    "project_id": "gbus-project",
    "storage_bucket": "gbus-project.appspot.com"
  },
  "client": [
    {
      "client_info": {
        "mobilesdk_app_id": "1:878305379642:android:73d252e1f31444b78e3c03",
        "android_client_info": {
          "package_name": "com.vanhk.gbus"
        }
      },
      "oauth_client": [
        {
          "client_id": "878305379642-4fgi8jpnloliarmuab4frkpsoc8mc5up.apps.googleusercontent.com",
          "client_type": 1,
          "android_info": {
            "package_name": "com.vanhk.gbus",
            "certificate_hash": "89b417f26f035940c73d6f0573f4f1f5286f6f05"
          }
        },
        {
          "client_id": "878305379642-79n5dc3727840p9iifdnju7q8cfj64qd.apps.googleusercontent.com",
          "client_type": 3
        }
      ],
      "api_key": [
        {
          "current_key": "AIzaSyBnpaeMmN4c8yC6m2HNIRkrgypB7sTaK0k"
        }
      ],
      "services": {
        "appinvite_service": {
          "other_platform_oauth_client": [
            {
              "client_id": "878305379642-79n5dc3727840p9iifdnju7q8cfj64qd.apps.googleusercontent.com",
              "client_type": 3
            }
          ]
        }
      }
    }
  ],
  "configuration_version": "1"
}